<?xml version="1.0" encoding="UTF-8"?>
<project-private xmlns="http://www.netbeans.org/ns/project-private/1">
    <editor-bookmarks xmlns="http://www.netbeans.org/ns/editor-bookmarks/2" lastBookmarkId="0"/>
    <open-files xmlns="http://www.netbeans.org/ns/projectui-open-files/2">
        <group>
            <file>file:/F:/HTT/NAM%204%20Ki%202/Laptrinh%20Nang%20cao/2021-2022/11531406/New%20folder/src/nongsan/webmvc/controller/CartController.java</file>
            <file>file:/F:/HTT/NAM%204%20Ki%202/Laptrinh%20Nang%20cao/2021-2022/11531406/New%20folder/WebContent/view/client/header/bottomHeader.jsp</file>
            <file>file:/F:/HTT/NAM%204%20Ki%202/Laptrinh%20Nang%20cao/2021-2022/11531406/New%20folder/WebContent/view/client/contact.jsp</file>
            <file>file:/F:/HTT/NAM%204%20Ki%202/Laptrinh%20Nang%20cao/2021-2022/11531406/New%20folder/src/nongsan/webmvc/dao/impl/LoginDao.java</file>
            <file>file:/F:/HTT/NAM%204%20Ki%202/Laptrinh%20Nang%20cao/2021-2022/11531406/New%20folder/WebContent/view/client/footer/footer.jsp</file>
            <file>file:/F:/HTT/NAM%204%20Ki%202/Laptrinh%20Nang%20cao/2021-2022/11531406/New%20folder/src/nongsan/webmvc/util/Constant.java</file>
        </group>
    </open-files>
</project-private>
